{
  "timestamp": "2025-11-13T09:31:53.856271",
  "ai_provider": "Google Gemini",
  "models": {
    "embeddings": "text-embedding-004",
    "chat": "gemini-1.5-flash-latest"
  },
  "metrics": {
    "retrieval": {
      "precision@10": 0.0,
      "recall@10": 0.0,
      "mrr": 0.0,
      "num_test_queries": 5
    },
    "generation": {
      "faithfulness": 0.5,
      "avg_citations": 0.0,
      "num_queries": 5
    },
    "relevance": {
      "avg_relevance": 0.04756986856460571,
      "user_satisfaction": 0.02378493428230285,
      "satisfaction_rate": 0.0
    },
    "latency": {
      "avg_embedding_time": 0.4854127883911133,
      "avg_retrieval_time": 0.004096794128417969,
      "avg_generation_time": 0.00026569366455078127,
      "avg_total_time": 0.48978123664855955,
      "p95_total_time": 0.5408262729644775,
      "p99_total_time": 0.5460333728790283
    }
  }
}